{
  "resourceType": "MedicationAdministration",
  "id": "example",
  "meta": {
    "profile": [
      "http://hl7.org/fhir/us/qicore/StructureDefinition/qicore-medicationadministration"
    ]
  },
  "text": {
    "status": "generated",
    "div": "<div xmlns=\"http://www.w3.org/1999/xhtml\"><p><b>Generated Narrative</b></p><div style=\"display: inline-block; background-color: #d9e0e7; padding: 6px; margin: 4px; border: 1px solid #8da1b4; border-radius: 5px; line-height: 60%\"><p style=\"margin-bottom: 0px\">Resource \"example\" </p><p style=\"margin-bottom: 0px\">Profile: <a href=\"StructureDefinition-qicore-medicationadministration.html\">QICoreMedicationAdministration</a></p></div><p><b>status</b>: completed</p><p><b>medication</b>: <a href=\"Medication-example.html\">Medication/example</a></p><p><b>subject</b>: <a href=\"Patient-example.html\">Patient/example: Donald Duck</a> \" CHALMERS\"</p><p><b>context</b>: <a href=\"Encounter-example.html\">Encounter/example</a></p><p><b>supportingInformation</b>: <a href=\"Condition-example.html\">Condition/example</a></p><p><b>effective</b>: 2015-01-15T14:30:00+01:00 --&gt; 2015-01-15T14:30:00+01:00</p><p><b>request</b>: <a href=\"MedicationRequest-example.html\">MedicationRequest/example</a></p><h3>Dosages</h3><table class=\"grid\"><tr><td>-</td><td><b>Route</b></td><td><b>Dose</b></td></tr><tr><td>*</td><td>Intravenous route (qualifier value) <span style=\"background: LightGoldenRodYellow; margin: 4px; border: 1px solid khaki\"> (<a href=\"https://browser.ihtsdotools.org/\">SNOMED CT</a>#47625008)</span></td><td>3 mg<span style=\"background: LightGoldenRodYellow\"> (Details: UCUM code mg = 'mg')</span></td></tr></table></div>"
  },
  "status": "completed",
  "medicationReference": {
    "reference": "Medication/example"
  },
  "subject": {
    "reference": "Patient/example",
    "display": "Donald Duck"
  },
  "context": {
    "reference": "Encounter/example"
  },
  "supportingInformation": [
    {
      "reference": "Condition/example"
    }
  ],
  "effectivePeriod": {
    "start": "2015-01-15T14:30:00+01:00",
    "end": "2015-01-15T14:30:00+01:00"
  },
  "request": {
    "reference": "MedicationRequest/example"
  },
  "dosage": {
    "route": {
      "coding": [
        {
          "system": "http://snomed.info/sct",
          "code": "47625008",
          "display": "Intravenous route (qualifier value)"
        }
      ]
    },
    "dose": {
      "value": 3,
      "unit": "mg",
      "system": "http://unitsofmeasure.org",
      "code": "mg"
    }
  }
}