{
  "resourceType" : "StructureDefinition",
  "id" : "3902ba32-390f-4d5b-85a7-837fda42948d-45",
  "url" : "http://hl7.org/fhir/comparison/StructureDefinition/3902ba32-390f-4d5b-85a7-837fda42948d-45",
  "name" : "IntersectionQICoreCommunicationNotDoneAndQICoreCommunicationNotDone",
  "title" : "Intersection of null And null",
  "status" : "draft",
  "date" : "2022-01-18T15:26:49+00:00",
  "jurisdiction" : [{
    "coding" : [{
      "system" : "urn:iso:std:iso:3166",
      "code" : "US"
    }]
  }],
  "snapshot" : {
    "element" : [{
      "path" : "Communication",
      "short" : "A record of information transmitted from a sender to a receiver",
      "definition" : "An occurrence of information being transmitted; e.g. an alert that was sent to a responsible provider, a public health agency that was notified about a reportable condition.",
      "min" : 0,
      "max" : "*",
      "constraint" : [{
        "key" : "dom-2",
        "severity" : "error",
        "human" : "If the resource is contained in another resource, it SHALL NOT contain nested Resources",
        "expression" : "contained.contained.empty()",
        "xpath" : "not(parent::f:contained and f:contained)",
        "source" : "http://hl7.org/fhir/StructureDefinition/DomainResource"
      },
      {
        "key" : "dom-3",
        "severity" : "error",
        "human" : "If the resource is contained in another resource, it SHALL be referred to from elsewhere in the resource or SHALL refer to the containing resource",
        "expression" : "contained.where((('#'+id in (%resource.descendants().reference | %resource.descendants().as(canonical) | %resource.descendants().as(uri) | %resource.descendants().as(url))) or descendants().where(reference = '#').exists() or descendants().where(as(canonical) = '#').exists() or descendants().where(as(canonical) = '#').exists()).not()).trace('unmatched', id).empty()",
        "xpath" : "not(exists(for $id in f:contained/*/f:id/@value return $contained[not(parent::*/descendant::f:reference/@value=concat('#', $contained/*/id/@value) or descendant::f:reference[@value='#'])]))",
        "source" : "http://hl7.org/fhir/StructureDefinition/DomainResource"
      },
      {
        "key" : "dom-4",
        "severity" : "error",
        "human" : "If a resource is contained in another resource, it SHALL NOT have a meta.versionId or a meta.lastUpdated",
        "expression" : "contained.meta.versionId.empty() and contained.meta.lastUpdated.empty()",
        "xpath" : "not(exists(f:contained/*/f:meta/f:versionId)) and not(exists(f:contained/*/f:meta/f:lastUpdated))",
        "source" : "http://hl7.org/fhir/StructureDefinition/DomainResource"
      },
      {
        "key" : "dom-5",
        "severity" : "error",
        "human" : "If a resource is contained in another resource, it SHALL NOT have a security label",
        "expression" : "contained.meta.security.empty()",
        "xpath" : "not(exists(f:contained/*/f:meta/f:security))",
        "source" : "http://hl7.org/fhir/StructureDefinition/DomainResource"
      },
      {
        "extension" : [{
          "url" : "http://hl7.org/fhir/StructureDefinition/elementdefinition-bestpractice",
          "valueBoolean" : true
        },
        {
          "url" : "http://hl7.org/fhir/StructureDefinition/elementdefinition-bestpractice-explanation",
          "valueMarkdown" : "When a resource has no narrative, only systems that fully understand the data can display the resource to a human safely. Including a human readable representation in the resource makes for a much more robust eco-system and cheaper handling of resources by intermediary systems. Some ecosystems restrict distribution of resources to only those systems that do fully understand the resources, and as a consequence implementers may believe that the narrative is superfluous. However experience shows that such eco-systems often open up to new participants over time."
        }],
        "key" : "dom-6",
        "severity" : "warning",
        "human" : "A resource should have narrative for robust management",
        "expression" : "text.`div`.exists()",
        "xpath" : "exists(f:text/h:div)",
        "source" : "http://hl7.org/fhir/StructureDefinition/DomainResource"
      }],
      "mustSupport" : false,
      "isModifier" : false,
      "isSummary" : false,
      "mapping" : [{
        "identity" : "rim",
        "map" : "Entity. Role, or Act"
      },
      {
        "identity" : "workflow",
        "map" : "Event"
      }]
    },
    {
      "path" : "Communication.id",
      "short" : "Logical id of this artifact",
      "definition" : "The logical id of the resource, as used in the URL for the resource. Once assigned, this value never changes.",
      "comment" : "The only time that a resource does not have an id is when it is being submitted to the server using a create operation.",
      "min" : 0,
      "max" : "1",
      "type" : [{
        "extension" : [{
          "url" : "http://hl7.org/fhir/StructureDefinition/structuredefinition-fhir-type",
          "valueUrl" : "string"
        }],
        "code" : "http://hl7.org/fhirpath/System.String"
      }],
      "mustSupport" : false,
      "isModifier" : false,
      "isSummary" : true
    },
    {
      "path" : "Communication.meta",
      "short" : "Metadata about the resource",
      "definition" : "The metadata about the resource. This is content that is maintained by the infrastructure. Changes to the content might not always be associated with version changes to the resource.",
      "min" : 0,
      "max" : "1",
      "type" : [{
        "code" : "Meta"
      }],
      "constraint" : [{
        "key" : "ele-1",
        "severity" : "error",
        "human" : "All FHIR elements must have a @value or children",
        "expression" : "hasValue() or (children().count() > id.count())",
        "xpath" : "@value|f:*|h:div",
        "source" : "http://hl7.org/fhir/StructureDefinition/Element"
      }],
      "mustSupport" : false,
      "isModifier" : false,
      "isSummary" : true
    },
    {
      "path" : "Communication.implicitRules",
      "short" : "A set of rules under which this content was created",
      "definition" : "A reference to a set of rules that were followed when the resource was constructed, and which must be understood when processing the content. Often, this is a reference to an implementation guide that defines the special rules along with other profiles etc.",
      "comment" : "Asserting this rule set restricts the content to be only understood by a limited set of trading partners. This inherently limits the usefulness of the data in the long term. However, the existing health eco-system is highly fractured, and not yet ready to define, collect, and exchange data in a generally computable sense. Wherever possible, implementers and/or specification writers should avoid using this element. Often, when used, the URL is a reference to an implementation guide that defines these special rules as part of it's narrative along with other profiles, value sets, etc.",
      "min" : 0,
      "max" : "1",
      "type" : [{
        "code" : "uri"
      }],
      "constraint" : [{
        "key" : "ele-1",
        "severity" : "error",
        "human" : "All FHIR elements must have a @value or children",
        "expression" : "hasValue() or (children().count() > id.count())",
        "xpath" : "@value|f:*|h:div",
        "source" : "http://hl7.org/fhir/StructureDefinition/Element"
      }],
      "mustSupport" : false,
      "isModifier" : true,
      "isSummary" : true
    },
    {
      "path" : "Communication.language",
      "short" : "Language of the resource content",
      "definition" : "The base language in which the resource is written.",
      "comment" : "Language is provided to support indexing and accessibility (typically, services such as text to speech use the language tag). The html language tag in the narrative applies  to the narrative. The language tag on the resource may be used to specify the language of other presentations generated from the data in the resource. Not all the content has to be in the base language. The Resource.language should not be assumed to apply to the narrative automatically. If a language is specified, it should it also be specified on the div element in the html (see rules in HTML5 for information about the relationship between xml:lang and the html lang attribute).",
      "min" : 0,
      "max" : "1",
      "type" : [{
        "code" : "code"
      }],
      "constraint" : [{
        "key" : "ele-1",
        "severity" : "error",
        "human" : "All FHIR elements must have a @value or children",
        "expression" : "hasValue() or (children().count() > id.count())",
        "xpath" : "@value|f:*|h:div",
        "source" : "http://hl7.org/fhir/StructureDefinition/Element"
      }],
      "mustSupport" : false,
      "isModifier" : false,
      "isSummary" : false,
      "binding" : {
        "extension" : [{
          "url" : "http://hl7.org/fhir/StructureDefinition/elementdefinition-maxValueSet",
          "valueCanonical" : "http://hl7.org/fhir/ValueSet/all-languages"
        },
        {
          "url" : "http://hl7.org/fhir/StructureDefinition/elementdefinition-bindingName",
          "valueString" : "Language"
        },
        {
          "url" : "http://hl7.org/fhir/StructureDefinition/elementdefinition-isCommonBinding",
          "valueBoolean" : true
        }],
        "strength" : "preferred",
        "description" : "A human language.",
        "valueSet" : "http://hl7.org/fhir/ValueSet/languages"
      }
    },
    {
      "path" : "Communication.text",
      "short" : "Text summary of the resource, for human interpretation",
      "definition" : "A human-readable narrative that contains a summary of the resource and can be used to represent the content of the resource to a human. The narrative need not encode all the structured data, but is required to contain sufficient detail to make it \"clinically safe\" for a human to just read the narrative. Resource definitions may define what content should be represented in the narrative to ensure clinical safety.",
      "comment" : "Contained resources do not have narrative. Resources that are not contained SHOULD have a narrative. In some cases, a resource may only have text with little or no additional discrete data (as long as all minOccurs=1 elements are satisfied).  This may be necessary for data from legacy systems where information is captured as a \"text blob\" or where text is additionally entered raw or narrated and encoded information is added later.",
      "alias" : ["narrative",
      "html",
      "xhtml",
      "display"],
      "min" : 0,
      "max" : "1",
      "type" : [{
        "code" : "Narrative"
      }],
      "constraint" : [{
        "key" : "ele-1",
        "severity" : "error",
        "human" : "All FHIR elements must have a @value or children",
        "expression" : "hasValue() or (children().count() > id.count())",
        "xpath" : "@value|f:*|h:div",
        "source" : "http://hl7.org/fhir/StructureDefinition/Element"
      }],
      "mustSupport" : false,
      "isModifier" : false,
      "isSummary" : false,
      "mapping" : [{
        "identity" : "rim",
        "map" : "Act.text?"
      }]
    },
    {
      "path" : "Communication.contained",
      "short" : "Contained, inline Resources",
      "definition" : "These resources do not have an independent existence apart from the resource that contains them - they cannot be identified independently, and nor can they have their own independent transaction scope.",
      "comment" : "This should never be done when the content can be identified properly, as once identification is lost, it is extremely difficult (and context dependent) to restore it again. Contained resources may have profiles and tags In their meta elements, but SHALL NOT have security labels.",
      "alias" : ["inline resources",
      "anonymous resources",
      "contained resources"],
      "min" : 0,
      "max" : "*",
      "type" : [{
        "code" : "Resource"
      }],
      "mustSupport" : false,
      "isModifier" : false,
      "isSummary" : false,
      "mapping" : [{
        "identity" : "rim",
        "map" : "N/A"
      }]
    },
    {
      "path" : "Communication.extension",
      "short" : "Extension",
      "definition" : "An Extension",
      "min" : 0,
      "max" : "*",
      "type" : [{
        "code" : "Extension"
      }],
      "constraint" : [{
        "key" : "ele-1",
        "severity" : "error",
        "human" : "All FHIR elements must have a @value or children",
        "expression" : "hasValue() or (children().count() > id.count())",
        "xpath" : "@value|f:*|h:div",
        "source" : "http://hl7.org/fhir/StructureDefinition/Element"
      },
      {
        "key" : "ext-1",
        "severity" : "error",
        "human" : "Must have either extensions or value[x], not both",
        "expression" : "extension.exists() != value.exists()",
        "xpath" : "exists(f:extension)!=exists(f:*[starts-with(local-name(.), \"value\")])",
        "source" : "http://hl7.org/fhir/StructureDefinition/Extension"
      }],
      "mustSupport" : false,
      "isModifier" : false,
      "isSummary" : false
    },
    {
      "path" : "Communication.modifierExtension",
      "short" : "left: Extension; right: Extensions that cannot be ignored",
      "definition" : "left: An Extension; right: May be used to represent additional information that is not part of the basic definition of the resource and that modifies the understanding of the element that contains it and/or the understanding of the containing element's descendants. Usually modifier elements provide negation or qualification. To make the use of extensions safe and manageable, there is a strict set of governance applied to the definition and use of extensions. Though any implementer is allowed to define an extension, there is a set of requirements that SHALL be met as part of the definition of the extension. Applications processing a resource are required to check for modifier extensions.\n\nModifier extensions SHALL NOT change the meaning of any elements on Resource or DomainResource (including cannot change the meaning of modifierExtension itself).",
      "comment" : "There can be no stigma associated with the use of extensions by any application, project, or standard - regardless of the institution or jurisdiction that uses or defines the extensions.  The use of extensions is what allows the FHIR specification to retain a core level of simplicity for everyone.",
      "requirements" : "Modifier extensions allow for extensions that *cannot* be safely ignored to be clearly distinguished from the vast majority of extensions which can be safely ignored.  This promotes interoperability by eliminating the need for implementers to prohibit the presence of extensions. For further information, see the [definition of modifier extensions](http://hl7.org/fhir/R4/extensibility.html#modifierExtension).",
      "alias" : ["extensions",
      "user content"],
      "min" : 0,
      "max" : "*",
      "type" : [{
        "code" : "Extension"
      }],
      "constraint" : [{
        "key" : "ele-1",
        "severity" : "error",
        "human" : "All FHIR elements must have a @value or children",
        "expression" : "hasValue() or (children().count() > id.count())",
        "xpath" : "@value|f:*|h:div",
        "source" : "http://hl7.org/fhir/StructureDefinition/Element"
      },
      {
        "key" : "ext-1",
        "severity" : "error",
        "human" : "Must have either extensions or value[x], not both",
        "expression" : "extension.exists() != value.exists()",
        "xpath" : "exists(f:extension)!=exists(f:*[starts-with(local-name(.), \"value\")])",
        "source" : "http://hl7.org/fhir/StructureDefinition/Extension"
      }],
      "mustSupport" : false,
      "isModifier" : true,
      "isSummary" : false,
      "mapping" : [{
        "identity" : "rim",
        "map" : "N/A"
      }]
    },
    {
      "path" : "Communication.identifier",
      "short" : "Unique identifier",
      "definition" : "Business identifiers assigned to this communication by the performer or other systems which remain constant as the resource is updated and propagates from server to server.",
      "comment" : "This is a business identifier, not a resource identifier (see [discussion]).  It is best practice for the identifier to only appear on a single resource instance, however business practices may occasionally dictate that multiple resource instances with the same identifier can exist - possibly even with different resource types.  For example, multiple Patient and a Person resource instance might share the same social insurance number.",
      "requirements" : "Allows identification of the communication as it is known by various participating systems and in a way that remains consistent across servers.",
      "min" : 0,
      "max" : "*",
      "type" : [{
        "code" : "Identifier"
      }],
      "constraint" : [{
        "key" : "ele-1",
        "severity" : "error",
        "human" : "All FHIR elements must have a @value or children",
        "expression" : "hasValue() or (children().count() > id.count())",
        "xpath" : "@value|f:*|h:div",
        "source" : "http://hl7.org/fhir/StructureDefinition/Element"
      }],
      "mustSupport" : false,
      "isModifier" : false,
      "isSummary" : true,
      "mapping" : [{
        "identity" : "workflow",
        "map" : "Event.identifier"
      },
      {
        "identity" : "w5",
        "map" : "FiveWs.identifier"
      }]
    },
    {
      "path" : "Communication.instantiatesCanonical",
      "short" : "Instantiates FHIR protocol or definition",
      "definition" : "The URL pointing to a FHIR-defined protocol, guideline, orderset or other definition that is adhered to in whole or in part by this Communication.",
      "min" : 0,
      "max" : "*",
      "type" : [{
        "code" : "canonical",
        "targetProfile" : ["http://hl7.org/fhir/StructureDefinition/PlanDefinition",
        "http://hl7.org/fhir/StructureDefinition/ActivityDefinition",
        "http://hl7.org/fhir/StructureDefinition/Measure",
        "http://hl7.org/fhir/StructureDefinition/OperationDefinition",
        "http://hl7.org/fhir/StructureDefinition/Questionnaire"]
      }],
      "constraint" : [{
        "key" : "ele-1",
        "severity" : "error",
        "human" : "All FHIR elements must have a @value or children",
        "expression" : "hasValue() or (children().count() > id.count())",
        "xpath" : "@value|f:*|h:div",
        "source" : "http://hl7.org/fhir/StructureDefinition/Element"
      }],
      "mustSupport" : false,
      "isModifier" : false,
      "isSummary" : true,
      "mapping" : [{
        "identity" : "workflow",
        "map" : "Event.instantiatesCanonical"
      },
      {
        "identity" : "rim",
        "map" : ".outboundRelationship[typeCode=DEFN].target"
      }]
    },
    {
      "path" : "Communication.instantiatesUri",
      "short" : "Instantiates external protocol or definition",
      "definition" : "The URL pointing to an externally maintained protocol, guideline, orderset or other definition that is adhered to in whole or in part by this Communication.",
      "comment" : "This might be an HTML page, PDF, etc. or could just be a non-resolvable URI identifier.",
      "min" : 0,
      "max" : "*",
      "type" : [{
        "code" : "uri"
      }],
      "constraint" : [{
        "key" : "ele-1",
        "severity" : "error",
        "human" : "All FHIR elements must have a @value or children",
        "expression" : "hasValue() or (children().count() > id.count())",
        "xpath" : "@value|f:*|h:div",
        "source" : "http://hl7.org/fhir/StructureDefinition/Element"
      }],
      "mustSupport" : false,
      "isModifier" : false,
      "isSummary" : true,
      "mapping" : [{
        "identity" : "workflow",
        "map" : "Event.instantiatesUri"
      },
      {
        "identity" : "rim",
        "map" : ".outboundRelationship[typeCode=DEFN].target"
      }]
    },
    {
      "path" : "Communication.basedOn",
      "short" : "Request fulfilled by this communication",
      "definition" : "An order, proposal or plan fulfilled in whole or in part by this Communication.",
      "comment" : "This must point to some sort of a 'Request' resource, such as CarePlan, CommunicationRequest, ServiceRequest, MedicationRequest, etc.",
      "alias" : ["fulfills"],
      "min" : 0,
      "max" : "*",
      "type" : [{
        "code" : "Reference",
        "targetProfile" : ["http://hl7.org/fhir/StructureDefinition/Resource"]
      }],
      "constraint" : [{
        "key" : "ele-1",
        "severity" : "error",
        "human" : "All FHIR elements must have a @value or children",
        "expression" : "hasValue() or (children().count() > id.count())",
        "xpath" : "@value|f:*|h:div",
        "source" : "http://hl7.org/fhir/StructureDefinition/Element"
      }],
      "mustSupport" : false,
      "isModifier" : false,
      "isSummary" : true,
      "mapping" : [{
        "identity" : "workflow",
        "map" : "Event.basedOn"
      }]
    },
    {
      "path" : "Communication.partOf",
      "short" : "Part of this action",
      "definition" : "Part of this action.",
      "alias" : ["container"],
      "min" : 0,
      "max" : "*",
      "type" : [{
        "code" : "Reference",
        "targetProfile" : ["http://hl7.org/fhir/StructureDefinition/Resource"]
      }],
      "constraint" : [{
        "key" : "ele-1",
        "severity" : "error",
        "human" : "All FHIR elements must have a @value or children",
        "expression" : "hasValue() or (children().count() > id.count())",
        "xpath" : "@value|f:*|h:div",
        "source" : "http://hl7.org/fhir/StructureDefinition/Element"
      }],
      "mustSupport" : false,
      "isModifier" : false,
      "isSummary" : true,
      "mapping" : [{
        "identity" : "workflow",
        "map" : "Event.partOf"
      }]
    },
    {
      "path" : "Communication.inResponseTo",
      "short" : "Reply to",
      "definition" : "Prior communication that this communication is in response to.",
      "min" : 0,
      "max" : "*",
      "type" : [{
        "code" : "Reference",
        "targetProfile" : ["http://hl7.org/fhir/StructureDefinition/Communication"]
      }],
      "constraint" : [{
        "key" : "ele-1",
        "severity" : "error",
        "human" : "All FHIR elements must have a @value or children",
        "expression" : "hasValue() or (children().count() > id.count())",
        "xpath" : "@value|f:*|h:div",
        "source" : "http://hl7.org/fhir/StructureDefinition/Element"
      }],
      "mustSupport" : false,
      "isModifier" : false,
      "isSummary" : false
    },
    {
      "path" : "Communication.status",
      "short" : "preparation | in-progress | not-done | on-hold | stopped | completed | entered-in-error | unknown",
      "definition" : "The status of the transmission.",
      "comment" : "This element is labeled as a modifier because the status contains the codes aborted and entered-in-error that mark the communication as not currently valid.",
      "min" : 1,
      "max" : "1",
      "type" : [{
        "code" : "code"
      }],
      "constraint" : [{
        "key" : "ele-1",
        "severity" : "error",
        "human" : "All FHIR elements must have a @value or children",
        "expression" : "hasValue() or (children().count() > id.count())",
        "xpath" : "@value|f:*|h:div",
        "source" : "http://hl7.org/fhir/StructureDefinition/Element"
      }],
      "mustSupport" : true,
      "isModifier" : true,
      "isSummary" : true,
      "binding" : {
        "strength" : "required",
        "description" : "The status of the communication.",
        "valueSet" : "http://hl7.org/fhir/ValueSet/event-status|4.0.1"
      },
      "mapping" : [{
        "identity" : "workflow",
        "map" : "Event.status"
      },
      {
        "identity" : "w5",
        "map" : "FiveWs.status"
      }]
    },
    {
      "path" : "Communication.statusReason",
      "short" : "Reason for current status",
      "definition" : "Captures the reason for the current state of the Communication.",
      "comment" : "This is generally only used for \"exception\" statuses such as \"not-done\", \"suspended\" or \"aborted\". The reason for performing the event at all is captured in reasonCode, not here.",
      "alias" : ["Suspended Reason",
      "Cancelled Reason"],
      "min" : 1,
      "max" : "1",
      "type" : [{
        "code" : "CodeableConcept"
      }],
      "constraint" : [{
        "key" : "ele-1",
        "severity" : "error",
        "human" : "All FHIR elements must have a @value or children",
        "expression" : "hasValue() or (children().count() > id.count())",
        "xpath" : "@value|f:*|h:div",
        "source" : "http://hl7.org/fhir/StructureDefinition/Element"
      }],
      "mustSupport" : true,
      "isModifier" : false,
      "isSummary" : true,
      "binding" : {
        "strength" : "extensible",
        "valueSet" : "http://hl7.org/fhir/us/qicore/ValueSet/qicore-negation-reason"
      },
      "mapping" : [{
        "identity" : "workflow",
        "map" : "Event.statusReason"
      }]
    },
    {
      "path" : "Communication.category",
      "short" : "Message category",
      "definition" : "The type of message conveyed such as alert, notification, reminder, instruction, etc.",
      "comment" : "There may be multiple axes of categorization and one communication may serve multiple purposes.",
      "min" : 0,
      "max" : "*",
      "type" : [{
        "code" : "CodeableConcept"
      }],
      "constraint" : [{
        "key" : "ele-1",
        "severity" : "error",
        "human" : "All FHIR elements must have a @value or children",
        "expression" : "hasValue() or (children().count() > id.count())",
        "xpath" : "@value|f:*|h:div",
        "source" : "http://hl7.org/fhir/StructureDefinition/Element"
      }],
      "mustSupport" : false,
      "isModifier" : false,
      "isSummary" : false,
      "binding" : {
        "extension" : [{
          "url" : "http://hl7.org/fhir/StructureDefinition/elementdefinition-bindingName",
          "valueString" : "CommunicationCategory"
        }],
        "strength" : "example",
        "description" : "Codes for general categories of communications such as alerts, instructions, etc.",
        "valueSet" : "http://hl7.org/fhir/ValueSet/communication-category"
      },
      "mapping" : [{
        "identity" : "w5",
        "map" : "FiveWs.class"
      }]
    },
    {
      "path" : "Communication.priority",
      "short" : "routine | urgent | asap | stat",
      "definition" : "Characterizes how quickly the planned or in progress communication must be addressed. Includes concepts such as stat, urgent, routine.",
      "comment" : "Used to prioritize workflow (such as which communication to read first) when the communication is planned or in progress.",
      "min" : 0,
      "max" : "1",
      "type" : [{
        "code" : "code"
      }],
      "meaningWhenMissing" : "If missing, this communication should be treated with normal priority",
      "constraint" : [{
        "key" : "ele-1",
        "severity" : "error",
        "human" : "All FHIR elements must have a @value or children",
        "expression" : "hasValue() or (children().count() > id.count())",
        "xpath" : "@value|f:*|h:div",
        "source" : "http://hl7.org/fhir/StructureDefinition/Element"
      }],
      "mustSupport" : false,
      "isModifier" : false,
      "isSummary" : true,
      "binding" : {
        "strength" : "required",
        "description" : "Codes indicating the relative importance of a communication.",
        "valueSet" : "http://hl7.org/fhir/ValueSet/request-priority|4.0.1"
      },
      "mapping" : [{
        "identity" : "w5",
        "map" : "FiveWs.grade"
      }]
    },
    {
      "path" : "Communication.medium",
      "short" : "A channel of communication",
      "definition" : "A channel that was used for this communication (e.g. email, fax).",
      "min" : 0,
      "max" : "*",
      "type" : [{
        "code" : "CodeableConcept"
      }],
      "constraint" : [{
        "key" : "ele-1",
        "severity" : "error",
        "human" : "All FHIR elements must have a @value or children",
        "expression" : "hasValue() or (children().count() > id.count())",
        "xpath" : "@value|f:*|h:div",
        "source" : "http://hl7.org/fhir/StructureDefinition/Element"
      }],
      "mustSupport" : false,
      "isModifier" : false,
      "isSummary" : false,
      "binding" : {
        "extension" : [{
          "url" : "http://hl7.org/fhir/StructureDefinition/elementdefinition-bindingName",
          "valueString" : "CommunicationMedium"
        }],
        "strength" : "example",
        "description" : "Codes for communication mediums such as phone, fax, email, in person, etc.",
        "valueSet" : "http://terminology.hl7.org/ValueSet/v3-ParticipationMode"
      }
    },
    {
      "path" : "Communication.subject",
      "short" : "Focus of message",
      "definition" : "The patient or group that was the focus of this communication.",
      "alias" : ["patient"],
      "min" : 0,
      "max" : "1",
      "type" : [{
        "code" : "Reference",
        "targetProfile" : ["http://hl7.org/fhir/StructureDefinition/Patient",
        "http://hl7.org/fhir/StructureDefinition/Group"]
      }],
      "constraint" : [{
        "key" : "ele-1",
        "severity" : "error",
        "human" : "All FHIR elements must have a @value or children",
        "expression" : "hasValue() or (children().count() > id.count())",
        "xpath" : "@value|f:*|h:div",
        "source" : "http://hl7.org/fhir/StructureDefinition/Element"
      }],
      "mustSupport" : false,
      "isModifier" : false,
      "isSummary" : true,
      "mapping" : [{
        "identity" : "workflow",
        "map" : "Event.subject"
      },
      {
        "identity" : "w5",
        "map" : "FiveWs.subject[x]"
      },
      {
        "identity" : "w5",
        "map" : "FiveWs.subject"
      }]
    },
    {
      "path" : "Communication.topic",
      "short" : "Description of the purpose/content",
      "definition" : "Description of the purpose/content, similar to a subject line in an email.",
      "comment" : "Communication.topic.text can be used without any codings.",
      "min" : 0,
      "max" : "1",
      "type" : [{
        "code" : "CodeableConcept"
      }],
      "constraint" : [{
        "key" : "ele-1",
        "severity" : "error",
        "human" : "All FHIR elements must have a @value or children",
        "expression" : "hasValue() or (children().count() > id.count())",
        "xpath" : "@value|f:*|h:div",
        "source" : "http://hl7.org/fhir/StructureDefinition/Element"
      }],
      "mustSupport" : false,
      "isModifier" : false,
      "isSummary" : false,
      "binding" : {
        "extension" : [{
          "url" : "http://hl7.org/fhir/StructureDefinition/elementdefinition-bindingName",
          "valueString" : "CommunicationTopic"
        }],
        "strength" : "example",
        "description" : "Codes describing the purpose or content of the communication.",
        "valueSet" : "http://hl7.org/fhir/ValueSet/communication-topic"
      },
      "mapping" : [{
        "identity" : "w5",
        "map" : "FiveWs.context"
      }]
    },
    {
      "path" : "Communication.about",
      "short" : "Resources that pertain to this communication",
      "definition" : "Other resources that pertain to this communication and to which this communication should be associated.",
      "comment" : "Don't use Communication.about element when a more specific element exists, such as basedOn or reasonReference.",
      "min" : 0,
      "max" : "*",
      "type" : [{
        "code" : "Reference",
        "targetProfile" : ["http://hl7.org/fhir/StructureDefinition/Resource"]
      }],
      "constraint" : [{
        "key" : "ele-1",
        "severity" : "error",
        "human" : "All FHIR elements must have a @value or children",
        "expression" : "hasValue() or (children().count() > id.count())",
        "xpath" : "@value|f:*|h:div",
        "source" : "http://hl7.org/fhir/StructureDefinition/Element"
      }],
      "mustSupport" : false,
      "isModifier" : false,
      "isSummary" : false,
      "mapping" : [{
        "identity" : "w5",
        "map" : "FiveWs.context"
      }]
    },
    {
      "path" : "Communication.encounter",
      "short" : "Encounter created as part of",
      "definition" : "The Encounter during which this Communication was created or to which the creation of this record is tightly associated.",
      "comment" : "This will typically be the encounter the event occurred within, but some activities may be initiated prior to or after the official completion of an encounter but still be tied to the context of the encounter.",
      "min" : 0,
      "max" : "1",
      "type" : [{
        "code" : "Reference",
        "targetProfile" : ["http://hl7.org/fhir/StructureDefinition/Encounter"]
      }],
      "constraint" : [{
        "key" : "ele-1",
        "severity" : "error",
        "human" : "All FHIR elements must have a @value or children",
        "expression" : "hasValue() or (children().count() > id.count())",
        "xpath" : "@value|f:*|h:div",
        "source" : "http://hl7.org/fhir/StructureDefinition/Element"
      }],
      "mustSupport" : false,
      "isModifier" : false,
      "isSummary" : true,
      "mapping" : [{
        "identity" : "workflow",
        "map" : "Event.context"
      },
      {
        "identity" : "w5",
        "map" : "FiveWs.context"
      }]
    },
    {
      "path" : "Communication.sent",
      "short" : "When sent",
      "definition" : "The time when this communication was sent.",
      "min" : 0,
      "max" : "1",
      "type" : [{
        "code" : "dateTime"
      }],
      "constraint" : [{
        "key" : "ele-1",
        "severity" : "error",
        "human" : "All FHIR elements must have a @value or children",
        "expression" : "hasValue() or (children().count() > id.count())",
        "xpath" : "@value|f:*|h:div",
        "source" : "http://hl7.org/fhir/StructureDefinition/Element"
      }],
      "mustSupport" : false,
      "isModifier" : false,
      "isSummary" : false,
      "mapping" : [{
        "identity" : "workflow",
        "map" : "Event.occurrence[x] {Invariant: maps to period.start}"
      },
      {
        "identity" : "w5",
        "map" : "FiveWs.done[x]"
      }]
    },
    {
      "path" : "Communication.received",
      "short" : "When received",
      "definition" : "The time when this communication arrived at the destination.",
      "min" : 0,
      "max" : "1",
      "type" : [{
        "code" : "dateTime"
      }],
      "constraint" : [{
        "key" : "ele-1",
        "severity" : "error",
        "human" : "All FHIR elements must have a @value or children",
        "expression" : "hasValue() or (children().count() > id.count())",
        "xpath" : "@value|f:*|h:div",
        "source" : "http://hl7.org/fhir/StructureDefinition/Element"
      }],
      "mustSupport" : false,
      "isModifier" : false,
      "isSummary" : false,
      "mapping" : [{
        "identity" : "workflow",
        "map" : "Event.occurrence[x] {Invariant: maps to period.end}"
      },
      {
        "identity" : "w5",
        "map" : "FiveWs.done[x]"
      }]
    },
    {
      "path" : "Communication.recipient",
      "short" : "Message recipient",
      "definition" : "The entity (e.g. person, organization, clinical information system, care team or device) which was the target of the communication. If receipts need to be tracked by an individual, a separate resource instance will need to be created for each recipient.  Multiple recipient communications are intended where either receipts are not tracked (e.g. a mass mail-out) or a receipt is captured in aggregate (all emails confirmed received by a particular time).",
      "min" : 0,
      "max" : "*",
      "type" : [{
        "code" : "Reference",
        "targetProfile" : ["http://hl7.org/fhir/StructureDefinition/Device",
        "http://hl7.org/fhir/StructureDefinition/Organization",
        "http://hl7.org/fhir/StructureDefinition/Patient",
        "http://hl7.org/fhir/StructureDefinition/Practitioner",
        "http://hl7.org/fhir/StructureDefinition/PractitionerRole",
        "http://hl7.org/fhir/StructureDefinition/RelatedPerson",
        "http://hl7.org/fhir/StructureDefinition/Group",
        "http://hl7.org/fhir/StructureDefinition/CareTeam",
        "http://hl7.org/fhir/StructureDefinition/HealthcareService"]
      }],
      "constraint" : [{
        "key" : "ele-1",
        "severity" : "error",
        "human" : "All FHIR elements must have a @value or children",
        "expression" : "hasValue() or (children().count() > id.count())",
        "xpath" : "@value|f:*|h:div",
        "source" : "http://hl7.org/fhir/StructureDefinition/Element"
      }],
      "mustSupport" : false,
      "isModifier" : false,
      "isSummary" : false,
      "mapping" : [{
        "identity" : "workflow",
        "map" : "Event.performer.actor"
      },
      {
        "identity" : "w5",
        "map" : "FiveWs.actor"
      }]
    },
    {
      "path" : "Communication.sender",
      "short" : "Message sender",
      "definition" : "The entity (e.g. person, organization, clinical information system, or device) which was the source of the communication.",
      "min" : 0,
      "max" : "1",
      "type" : [{
        "code" : "Reference",
        "targetProfile" : ["http://hl7.org/fhir/StructureDefinition/Device",
        "http://hl7.org/fhir/StructureDefinition/Organization",
        "http://hl7.org/fhir/StructureDefinition/Patient",
        "http://hl7.org/fhir/StructureDefinition/Practitioner",
        "http://hl7.org/fhir/StructureDefinition/PractitionerRole",
        "http://hl7.org/fhir/StructureDefinition/RelatedPerson",
        "http://hl7.org/fhir/StructureDefinition/HealthcareService"]
      }],
      "constraint" : [{
        "key" : "ele-1",
        "severity" : "error",
        "human" : "All FHIR elements must have a @value or children",
        "expression" : "hasValue() or (children().count() > id.count())",
        "xpath" : "@value|f:*|h:div",
        "source" : "http://hl7.org/fhir/StructureDefinition/Element"
      }],
      "mustSupport" : false,
      "isModifier" : false,
      "isSummary" : false,
      "mapping" : [{
        "identity" : "workflow",
        "map" : "Event.performer.actor"
      },
      {
        "identity" : "w5",
        "map" : "FiveWs.actor"
      }]
    },
    {
      "path" : "Communication.reasonCode",
      "short" : "Indication for message",
      "definition" : "The reason or justification for the communication.",
      "comment" : "Textual reasons can be captured using reasonCode.text.",
      "min" : 1,
      "max" : "1",
      "type" : [{
        "code" : "CodeableConcept"
      }],
      "constraint" : [{
        "key" : "ele-1",
        "severity" : "error",
        "human" : "All FHIR elements must have a @value or children",
        "expression" : "hasValue() or (children().count() > id.count())",
        "xpath" : "@value|f:*|h:div",
        "source" : "http://hl7.org/fhir/StructureDefinition/Element"
      }],
      "mustSupport" : true,
      "isModifier" : false,
      "isSummary" : true,
      "binding" : {
        "extension" : [{
          "url" : "http://hl7.org/fhir/StructureDefinition/elementdefinition-bindingName",
          "valueString" : "CommunicationReason"
        }],
        "strength" : "example",
        "description" : "Codes for describing reasons for the occurrence of a communication.",
        "valueSet" : "http://hl7.org/fhir/ValueSet/clinical-findings"
      },
      "mapping" : [{
        "identity" : "workflow",
        "map" : "Event.reasonCode"
      },
      {
        "identity" : "w5",
        "map" : "FiveWs.why[x]"
      },
      {
        "identity" : "rim",
        "map" : ".reasonCode"
      }]
    },
    {
      "path" : "Communication.reasonCode.id",
      "representation" : ["xmlAttr"],
      "short" : "Unique id for inter-element referencing",
      "definition" : "Unique id for the element within a resource (for internal references). This may be any string value that does not contain spaces.",
      "min" : 0,
      "max" : "1",
      "type" : [{
        "extension" : [{
          "url" : "http://hl7.org/fhir/StructureDefinition/structuredefinition-fhir-type",
          "valueUrl" : "string"
        }],
        "code" : "http://hl7.org/fhirpath/System.String"
      }],
      "mustSupport" : false,
      "isModifier" : false,
      "isSummary" : false,
      "mapping" : [{
        "identity" : "rim",
        "map" : "n/a"
      }]
    },
    {
      "path" : "Communication.reasonCode.extension",
      "short" : "Additional content defined by implementations",
      "definition" : "May be used to represent additional information that is not part of the basic definition of the element. To make the use of extensions safe and manageable, there is a strict set of governance  applied to the definition and use of extensions. Though any implementer can define an extension, there is a set of requirements that SHALL be met as part of the definition of the extension.",
      "comment" : "There can be no stigma associated with the use of extensions by any application, project, or standard - regardless of the institution or jurisdiction that uses or defines the extensions.  The use of extensions is what allows the FHIR specification to retain a core level of simplicity for everyone.",
      "alias" : ["extensions",
      "user content"],
      "min" : 0,
      "max" : "*",
      "type" : [{
        "code" : "Extension"
      }],
      "constraint" : [{
        "key" : "ele-1",
        "severity" : "error",
        "human" : "All FHIR elements must have a @value or children",
        "expression" : "hasValue() or (children().count() > id.count())",
        "xpath" : "@value|f:*|h:div",
        "source" : "http://hl7.org/fhir/StructureDefinition/Element"
      },
      {
        "key" : "ext-1",
        "severity" : "error",
        "human" : "Must have either extensions or value[x], not both",
        "expression" : "extension.exists() != value.exists()",
        "xpath" : "exists(f:extension)!=exists(f:*[starts-with(local-name(.), \"value\")])",
        "source" : "http://hl7.org/fhir/StructureDefinition/Extension"
      }],
      "mustSupport" : false,
      "isModifier" : false,
      "isSummary" : false,
      "mapping" : [{
        "identity" : "rim",
        "map" : "n/a"
      }]
    },
    {
      "path" : "Communication.reasonCode.coding",
      "short" : "Code defined by a terminology system",
      "definition" : "A reference to a code defined by a terminology system.",
      "comment" : "Codes may be defined very casually in enumerations, or code lists, up to very formal definitions such as SNOMED CT - see the HL7 v3 Core Principles for more information.  Ordering of codings is undefined and SHALL NOT be used to infer meaning. Generally, at most only one of the coding values will be labeled as UserSelected = true.",
      "requirements" : "Allows for alternative encodings within a code system, and translations to other code systems.",
      "min" : 0,
      "max" : "*",
      "type" : [{
        "code" : "Coding"
      }],
      "constraint" : [{
        "key" : "ele-1",
        "severity" : "error",
        "human" : "All FHIR elements must have a @value or children",
        "expression" : "hasValue() or (children().count() > id.count())",
        "xpath" : "@value|f:*|h:div",
        "source" : "http://hl7.org/fhir/StructureDefinition/Element"
      }],
      "mustSupport" : false,
      "isModifier" : false,
      "isSummary" : true,
      "mapping" : [{
        "identity" : "v2",
        "map" : "C*E.1-8, C*E.10-22"
      },
      {
        "identity" : "rim",
        "map" : "union(., ./translation)"
      },
      {
        "identity" : "orim",
        "map" : "fhir:CodeableConcept.coding rdfs:subPropertyOf dt:CD.coding"
      }]
    },
    {
      "path" : "Communication.reasonCode.coding.id",
      "representation" : ["xmlAttr"],
      "short" : "Unique id for inter-element referencing",
      "definition" : "Unique id for the element within a resource (for internal references). This may be any string value that does not contain spaces.",
      "min" : 0,
      "max" : "1",
      "type" : [{
        "extension" : [{
          "url" : "http://hl7.org/fhir/StructureDefinition/structuredefinition-fhir-type",
          "valueUrl" : "string"
        }],
        "code" : "http://hl7.org/fhirpath/System.String"
      }],
      "mustSupport" : false,
      "isModifier" : false,
      "isSummary" : false,
      "mapping" : [{
        "identity" : "rim",
        "map" : "n/a"
      }]
    },
    {
      "path" : "Communication.reasonCode.coding.extension",
      "short" : "Additional content defined by implementations",
      "definition" : "May be used to represent additional information that is not part of the basic definition of the element. To make the use of extensions safe and manageable, there is a strict set of governance  applied to the definition and use of extensions. Though any implementer can define an extension, there is a set of requirements that SHALL be met as part of the definition of the extension.",
      "comment" : "There can be no stigma associated with the use of extensions by any application, project, or standard - regardless of the institution or jurisdiction that uses or defines the extensions.  The use of extensions is what allows the FHIR specification to retain a core level of simplicity for everyone.",
      "alias" : ["extensions",
      "user content"],
      "min" : 0,
      "max" : "*",
      "type" : [{
        "code" : "Extension"
      }],
      "constraint" : [{
        "key" : "ele-1",
        "severity" : "error",
        "human" : "All FHIR elements must have a @value or children",
        "expression" : "hasValue() or (children().count() > id.count())",
        "xpath" : "@value|f:*|h:div",
        "source" : "http://hl7.org/fhir/StructureDefinition/Element"
      },
      {
        "key" : "ext-1",
        "severity" : "error",
        "human" : "Must have either extensions or value[x], not both",
        "expression" : "extension.exists() != value.exists()",
        "xpath" : "exists(f:extension)!=exists(f:*[starts-with(local-name(.), \"value\")])",
        "source" : "http://hl7.org/fhir/StructureDefinition/Extension"
      }],
      "mustSupport" : false,
      "isModifier" : false,
      "isSummary" : false,
      "mapping" : [{
        "identity" : "rim",
        "map" : "n/a"
      }]
    },
    {
      "path" : "Communication.reasonCode.coding.system",
      "short" : "Identity of the terminology system",
      "definition" : "The identification of the code system that defines the meaning of the symbol in the code.",
      "comment" : "The URI may be an OID (urn:oid:...) or a UUID (urn:uuid:...).  OIDs and UUIDs SHALL be references to the HL7 OID registry. Otherwise, the URI should come from HL7's list of FHIR defined special URIs or it should reference to some definition that establishes the system clearly and unambiguously.",
      "requirements" : "Need to be unambiguous about the source of the definition of the symbol.",
      "min" : 0,
      "max" : "1",
      "type" : [{
        "code" : "uri"
      }],
      "constraint" : [{
        "key" : "ele-1",
        "severity" : "error",
        "human" : "All FHIR elements must have a @value or children",
        "expression" : "hasValue() or (children().count() > id.count())",
        "xpath" : "@value|f:*|h:div",
        "source" : "http://hl7.org/fhir/StructureDefinition/Element"
      }],
      "mustSupport" : false,
      "isModifier" : false,
      "isSummary" : true,
      "mapping" : [{
        "identity" : "v2",
        "map" : "C*E.3"
      },
      {
        "identity" : "rim",
        "map" : "./codeSystem"
      },
      {
        "identity" : "orim",
        "map" : "fhir:Coding.system rdfs:subPropertyOf dt:CDCoding.codeSystem"
      }]
    },
    {
      "path" : "Communication.reasonCode.coding.version",
      "short" : "Version of the system - if relevant",
      "definition" : "The version of the code system which was used when choosing this code. Note that a well-maintained code system does not need the version reported, because the meaning of codes is consistent across versions. However this cannot consistently be assured, and when the meaning is not guaranteed to be consistent, the version SHOULD be exchanged.",
      "comment" : "Where the terminology does not clearly define what string should be used to identify code system versions, the recommendation is to use the date (expressed in FHIR date format) on which that version was officially published as the version date.",
      "min" : 0,
      "max" : "1",
      "type" : [{
        "code" : "string"
      }],
      "constraint" : [{
        "key" : "ele-1",
        "severity" : "error",
        "human" : "All FHIR elements must have a @value or children",
        "expression" : "hasValue() or (children().count() > id.count())",
        "xpath" : "@value|f:*|h:div",
        "source" : "http://hl7.org/fhir/StructureDefinition/Element"
      }],
      "mustSupport" : false,
      "isModifier" : false,
      "isSummary" : true,
      "mapping" : [{
        "identity" : "v2",
        "map" : "C*E.7"
      },
      {
        "identity" : "rim",
        "map" : "./codeSystemVersion"
      },
      {
        "identity" : "orim",
        "map" : "fhir:Coding.version rdfs:subPropertyOf dt:CDCoding.codeSystemVersion"
      }]
    },
    {
      "path" : "Communication.reasonCode.coding.code",
      "short" : "Symbol in syntax defined by the system",
      "definition" : "A symbol in syntax defined by the system. The symbol may be a predefined code or an expression in a syntax defined by the coding system (e.g. post-coordination).",
      "requirements" : "Need to refer to a particular code in the system.",
      "min" : 0,
      "max" : "1",
      "type" : [{
        "code" : "code"
      }],
      "constraint" : [{
        "key" : "ele-1",
        "severity" : "error",
        "human" : "All FHIR elements must have a @value or children",
        "expression" : "hasValue() or (children().count() > id.count())",
        "xpath" : "@value|f:*|h:div",
        "source" : "http://hl7.org/fhir/StructureDefinition/Element"
      }],
      "mustSupport" : false,
      "isModifier" : false,
      "isSummary" : true,
      "mapping" : [{
        "identity" : "v2",
        "map" : "C*E.1"
      },
      {
        "identity" : "rim",
        "map" : "./code"
      },
      {
        "identity" : "orim",
        "map" : "fhir:Coding.code rdfs:subPropertyOf dt:CDCoding.code"
      }]
    },
    {
      "path" : "Communication.reasonCode.coding.display",
      "short" : "Representation defined by the system",
      "definition" : "A representation of the meaning of the code in the system, following the rules of the system.",
      "requirements" : "Need to be able to carry a human-readable meaning of the code for readers that do not know  the system.",
      "min" : 0,
      "max" : "1",
      "type" : [{
        "code" : "string"
      }],
      "constraint" : [{
        "key" : "ele-1",
        "severity" : "error",
        "human" : "All FHIR elements must have a @value or children",
        "expression" : "hasValue() or (children().count() > id.count())",
        "xpath" : "@value|f:*|h:div",
        "source" : "http://hl7.org/fhir/StructureDefinition/Element"
      }],
      "mustSupport" : false,
      "isModifier" : false,
      "isSummary" : true,
      "mapping" : [{
        "identity" : "v2",
        "map" : "C*E.2 - but note this is not well followed"
      },
      {
        "identity" : "rim",
        "map" : "CV.displayName"
      },
      {
        "identity" : "orim",
        "map" : "fhir:Coding.display rdfs:subPropertyOf dt:CDCoding.displayName"
      }]
    },
    {
      "path" : "Communication.reasonCode.coding.userSelected",
      "short" : "If this coding was chosen directly by the user",
      "definition" : "Indicates that this coding was chosen by a user directly - e.g. off a pick list of available items (codes or displays).",
      "comment" : "Amongst a set of alternatives, a directly chosen code is the most appropriate starting point for new translations. There is some ambiguity about what exactly 'directly chosen' implies, and trading partner agreement may be needed to clarify the use of this element and its consequences more completely.",
      "requirements" : "This has been identified as a clinical safety criterium - that this exact system/code pair was chosen explicitly, rather than inferred by the system based on some rules or language processing.",
      "min" : 0,
      "max" : "1",
      "type" : [{
        "code" : "boolean"
      }],
      "constraint" : [{
        "key" : "ele-1",
        "severity" : "error",
        "human" : "All FHIR elements must have a @value or children",
        "expression" : "hasValue() or (children().count() > id.count())",
        "xpath" : "@value|f:*|h:div",
        "source" : "http://hl7.org/fhir/StructureDefinition/Element"
      }],
      "mustSupport" : false,
      "isModifier" : false,
      "isSummary" : true,
      "mapping" : [{
        "identity" : "v2",
        "map" : "Sometimes implied by being first"
      },
      {
        "identity" : "rim",
        "map" : "CD.codingRationale"
      },
      {
        "identity" : "orim",
        "map" : "fhir:Coding.userSelected fhir:mapsTo dt:CDCoding.codingRationale. fhir:Coding.userSelected fhir:hasMap fhir:Coding.userSelected.map. fhir:Coding.userSelected.map a fhir:Map;   fhir:target dt:CDCoding.codingRationale. fhir:Coding.userSelected\\#true a [     fhir:source \"true\";     fhir:target dt:CDCoding.codingRationale\\#O   ]"
      }]
    },
    {
      "path" : "Communication.reasonCode.text",
      "short" : "Plain text representation of the concept",
      "definition" : "A human language representation of the concept as seen/selected/uttered by the user who entered the data and/or which represents the intended meaning of the user.",
      "comment" : "Very often the text is the same as a displayName of one of the codings.",
      "requirements" : "The codes from the terminologies do not always capture the correct meaning with all the nuances of the human using them, or sometimes there is no appropriate code at all. In these cases, the text is used to capture the full meaning of the source.",
      "min" : 0,
      "max" : "1",
      "type" : [{
        "code" : "string"
      }],
      "constraint" : [{
        "key" : "ele-1",
        "severity" : "error",
        "human" : "All FHIR elements must have a @value or children",
        "expression" : "hasValue() or (children().count() > id.count())",
        "xpath" : "@value|f:*|h:div",
        "source" : "http://hl7.org/fhir/StructureDefinition/Element"
      }],
      "mustSupport" : false,
      "isModifier" : false,
      "isSummary" : true,
      "mapping" : [{
        "identity" : "v2",
        "map" : "C*E.9. But note many systems use C*E.2 for this"
      },
      {
        "identity" : "rim",
        "map" : "./originalText[mediaType/code=\"text/plain\"]/data"
      },
      {
        "identity" : "orim",
        "map" : "fhir:CodeableConcept.text rdfs:subPropertyOf dt:CD.originalText"
      }]
    },
    {
      "path" : "Communication.reasonReference",
      "short" : "Why was communication done?",
      "definition" : "Indicates another resource whose existence justifies this communication.",
      "min" : 0,
      "max" : "*",
      "type" : [{
        "code" : "Reference",
        "targetProfile" : ["http://hl7.org/fhir/StructureDefinition/Condition",
        "http://hl7.org/fhir/StructureDefinition/Observation",
        "http://hl7.org/fhir/StructureDefinition/DiagnosticReport",
        "http://hl7.org/fhir/StructureDefinition/DocumentReference"]
      }],
      "constraint" : [{
        "key" : "ele-1",
        "severity" : "error",
        "human" : "All FHIR elements must have a @value or children",
        "expression" : "hasValue() or (children().count() > id.count())",
        "xpath" : "@value|f:*|h:div",
        "source" : "http://hl7.org/fhir/StructureDefinition/Element"
      }],
      "mustSupport" : false,
      "isModifier" : false,
      "isSummary" : true,
      "mapping" : [{
        "identity" : "workflow",
        "map" : "Event.reasonReference"
      },
      {
        "identity" : "w5",
        "map" : "FiveWs.why[x]"
      },
      {
        "identity" : "rim",
        "map" : ".outboundRelationship[typeCode=RSON].target"
      }]
    },
    {
      "path" : "Communication.payload",
      "short" : "Message payload",
      "definition" : "Text, attachment(s), or resource(s) that was communicated to the recipient.",
      "min" : 0,
      "max" : "*",
      "type" : [{
        "code" : "BackboneElement"
      }],
      "constraint" : [{
        "key" : "ele-1",
        "severity" : "error",
        "human" : "All FHIR elements must have a @value or children",
        "expression" : "hasValue() or (children().count() > id.count())",
        "xpath" : "@value|f:*|h:div",
        "source" : "http://hl7.org/fhir/StructureDefinition/Element"
      }],
      "mustSupport" : false,
      "isModifier" : false,
      "isSummary" : false
    },
    {
      "path" : "Communication.payload.id",
      "representation" : ["xmlAttr"],
      "short" : "Unique id for inter-element referencing",
      "definition" : "Unique id for the element within a resource (for internal references). This may be any string value that does not contain spaces.",
      "min" : 0,
      "max" : "1",
      "type" : [{
        "extension" : [{
          "url" : "http://hl7.org/fhir/StructureDefinition/structuredefinition-fhir-type",
          "valueUrl" : "string"
        }],
        "code" : "http://hl7.org/fhirpath/System.String"
      }],
      "mustSupport" : false,
      "isModifier" : false,
      "isSummary" : false,
      "mapping" : [{
        "identity" : "rim",
        "map" : "n/a"
      }]
    },
    {
      "path" : "Communication.payload.extension",
      "short" : "Additional content defined by implementations",
      "definition" : "May be used to represent additional information that is not part of the basic definition of the element. To make the use of extensions safe and manageable, there is a strict set of governance  applied to the definition and use of extensions. Though any implementer can define an extension, there is a set of requirements that SHALL be met as part of the definition of the extension.",
      "comment" : "There can be no stigma associated with the use of extensions by any application, project, or standard - regardless of the institution or jurisdiction that uses or defines the extensions.  The use of extensions is what allows the FHIR specification to retain a core level of simplicity for everyone.",
      "alias" : ["extensions",
      "user content"],
      "min" : 0,
      "max" : "*",
      "type" : [{
        "code" : "Extension"
      }],
      "constraint" : [{
        "key" : "ele-1",
        "severity" : "error",
        "human" : "All FHIR elements must have a @value or children",
        "expression" : "hasValue() or (children().count() > id.count())",
        "xpath" : "@value|f:*|h:div",
        "source" : "http://hl7.org/fhir/StructureDefinition/Element"
      },
      {
        "key" : "ext-1",
        "severity" : "error",
        "human" : "Must have either extensions or value[x], not both",
        "expression" : "extension.exists() != value.exists()",
        "xpath" : "exists(f:extension)!=exists(f:*[starts-with(local-name(.), \"value\")])",
        "source" : "http://hl7.org/fhir/StructureDefinition/Extension"
      }],
      "mustSupport" : false,
      "isModifier" : false,
      "isSummary" : false,
      "mapping" : [{
        "identity" : "rim",
        "map" : "n/a"
      }]
    },
    {
      "path" : "Communication.payload.modifierExtension",
      "short" : "Extensions that cannot be ignored even if unrecognized",
      "definition" : "May be used to represent additional information that is not part of the basic definition of the element and that modifies the understanding of the element in which it is contained and/or the understanding of the containing element's descendants. Usually modifier elements provide negation or qualification. To make the use of extensions safe and manageable, there is a strict set of governance applied to the definition and use of extensions. Though any implementer can define an extension, there is a set of requirements that SHALL be met as part of the definition of the extension. Applications processing a resource are required to check for modifier extensions.\n\nModifier extensions SHALL NOT change the meaning of any elements on Resource or DomainResource (including cannot change the meaning of modifierExtension itself).",
      "comment" : "There can be no stigma associated with the use of extensions by any application, project, or standard - regardless of the institution or jurisdiction that uses or defines the extensions.  The use of extensions is what allows the FHIR specification to retain a core level of simplicity for everyone.",
      "requirements" : "Modifier extensions allow for extensions that *cannot* be safely ignored to be clearly distinguished from the vast majority of extensions which can be safely ignored.  This promotes interoperability by eliminating the need for implementers to prohibit the presence of extensions. For further information, see the [definition of modifier extensions].",
      "alias" : ["extensions",
      "user content",
      "modifiers"],
      "min" : 0,
      "max" : "*",
      "type" : [{
        "code" : "Extension"
      }],
      "constraint" : [{
        "key" : "ele-1",
        "severity" : "error",
        "human" : "All FHIR elements must have a @value or children",
        "expression" : "hasValue() or (children().count() > id.count())",
        "xpath" : "@value|f:*|h:div",
        "source" : "http://hl7.org/fhir/StructureDefinition/Element"
      },
      {
        "key" : "ext-1",
        "severity" : "error",
        "human" : "Must have either extensions or value[x], not both",
        "expression" : "extension.exists() != value.exists()",
        "xpath" : "exists(f:extension)!=exists(f:*[starts-with(local-name(.), \"value\")])",
        "source" : "http://hl7.org/fhir/StructureDefinition/Extension"
      }],
      "mustSupport" : false,
      "isModifier" : true,
      "isSummary" : true,
      "mapping" : [{
        "identity" : "rim",
        "map" : "N/A"
      }]
    },
    {
      "path" : "Communication.payload.content[x]",
      "short" : "Message part content",
      "definition" : "A communicated content (or for multi-part communications, one portion of the communication).",
      "min" : 1,
      "max" : "1",
      "type" : [{
        "code" : "string",
        "targetProfile" : ["http://hl7.org/fhir/StructureDefinition/Resource"]
      },
      {
        "code" : "Attachment",
        "targetProfile" : ["http://hl7.org/fhir/StructureDefinition/Resource"]
      },
      {
        "code" : "Reference",
        "targetProfile" : ["http://hl7.org/fhir/StructureDefinition/Resource"]
      }],
      "constraint" : [{
        "key" : "ele-1",
        "severity" : "error",
        "human" : "All FHIR elements must have a @value or children",
        "expression" : "hasValue() or (children().count() > id.count())",
        "xpath" : "@value|f:*|h:div",
        "source" : "http://hl7.org/fhir/StructureDefinition/Element"
      }],
      "mustSupport" : false,
      "isModifier" : false,
      "isSummary" : false
    },
    {
      "path" : "Communication.note",
      "short" : "Comments made about the communication",
      "definition" : "Additional notes or commentary about the communication by the sender, receiver or other interested parties.",
      "min" : 0,
      "max" : "*",
      "type" : [{
        "code" : "Annotation"
      }],
      "constraint" : [{
        "key" : "ele-1",
        "severity" : "error",
        "human" : "All FHIR elements must have a @value or children",
        "expression" : "hasValue() or (children().count() > id.count())",
        "xpath" : "@value|f:*|h:div",
        "source" : "http://hl7.org/fhir/StructureDefinition/Element"
      }],
      "mustSupport" : false,
      "isModifier" : false,
      "isSummary" : false,
      "mapping" : [{
        "identity" : "workflow",
        "map" : "Event.note"
      }]
    }]
  }
}