{
  "resourceType" : "ValueSet",
  "id" : "3902ba32-390f-4d5b-85a7-837fda42948d-165",
  "url" : "http://hl7.org/fhir/comparison/ValueSet/3902ba32-390f-4d5b-85a7-837fda42948d-165",
  "name" : "IntersectionProcedureCodes(SNOMEDCT)AndUSCoreProcedureCodes",
  "title" : "Intersection of Procedure Codes (SNOMED CT) And US Core Procedure Codes",
  "status" : "draft",
  "date" : "2022-01-18T15:26:50+00:00",
  "compose" : {
    "include" : [{
      "filter" : [{
        "property" : "concept",
        "op" : "is-a",
        "value" : "71388002"
      }]
    }]
  }
}