{
  "resourceType" : "ValueSet",
  "id" : "3902ba32-390f-4d5b-85a7-837fda42948d-234",
  "url" : "http://hl7.org/fhir/comparison/ValueSet/3902ba32-390f-4d5b-85a7-837fda42948d-234",
  "name" : "IntersectionQICoreObservationBodyPositionAndQICoreObservationBodyPosition",
  "title" : "Intersection of Body Position And Body Position",
  "status" : "draft",
  "date" : "2022-01-18T15:27:05+00:00",
  "jurisdiction" : [{
    "coding" : [{
      "system" : "urn:iso:std:iso:3166",
      "code" : "US"
    }]
  }],
  "compose" : {
    "include" : [{
      "filter" : [{
        "property" : "concept",
        "op" : "is-a",
        "value" : "9851009"
      }]
    }]
  },
  "expansion" : {
    "contains" : [{
      "system" : "http://snomed.info/sct",
      "code" : "9851009",
      "display" : "Body position finding"
    },
    {
      "system" : "http://snomed.info/sct",
      "code" : "1240000",
      "display" : "Prone body position"
    },
    {
      "system" : "http://snomed.info/sct",
      "code" : "10904000",
      "display" : "Orthostatic body position"
    },
    {
      "system" : "http://snomed.info/sct",
      "code" : "11664005",
      "display" : "Alternately sitting and standing"
    },
    {
      "system" : "http://snomed.info/sct",
      "code" : "14205002",
      "display" : "Lithotomy position"
    },
    {
      "system" : "http://snomed.info/sct",
      "code" : "17535004",
      "display" : "Lying in bed"
    },
    {
      "system" : "http://snomed.info/sct",
      "code" : "23242002",
      "display" : "Knee-chest position"
    },
    {
      "system" : "http://snomed.info/sct",
      "code" : "25613004",
      "display" : "Intermalleolar straddle"
    },
    {
      "system" : "http://snomed.info/sct",
      "code" : "26527006",
      "display" : "Inverse Trendelenburg position"
    },
    {
      "system" : "http://snomed.info/sct",
      "code" : "29853008",
      "display" : "Television position"
    },
    {
      "system" : "http://snomed.info/sct",
      "code" : "30212006",
      "display" : "Fowler's position"
    },
    {
      "system" : "http://snomed.info/sct",
      "code" : "32185000",
      "display" : "Lateral decubitus position"
    },
    {
      "system" : "http://snomed.info/sct",
      "code" : "33586001",
      "display" : "Sitting position"
    },
    {
      "system" : "http://snomed.info/sct",
      "code" : "34026001",
      "display" : "Semiprone position"
    },
    {
      "system" : "http://snomed.info/sct",
      "code" : "34106002",
      "display" : "Trendelenburg position"
    },
    {
      "system" : "http://snomed.info/sct",
      "code" : "34108001",
      "display" : "Coiled position"
    },
    {
      "system" : "http://snomed.info/sct",
      "code" : "34296003",
      "display" : "Froglike position"
    },
    {
      "system" : "http://snomed.info/sct",
      "code" : "40199007",
      "display" : "Supine body position"
    },
    {
      "system" : "http://snomed.info/sct",
      "code" : "51845000",
      "display" : "Anatomical position"
    },
    {
      "system" : "http://snomed.info/sct",
      "code" : "55864004",
      "display" : "Kneeling"
    },
    {
      "system" : "http://snomed.info/sct",
      "code" : "84723001",
      "display" : "Cock-robin attitude"
    },
    {
      "system" : "http://snomed.info/sct",
      "code" : "87068006",
      "display" : "Stooped-over position"
    },
    {
      "system" : "http://snomed.info/sct",
      "code" : "102535000",
      "display" : "Right lateral decubitus position"
    },
    {
      "system" : "http://snomed.info/sct",
      "code" : "102536004",
      "display" : "Left lateral decubitus position"
    },
    {
      "system" : "http://snomed.info/sct",
      "code" : "102538003",
      "display" : "Recumbent body position"
    },
    {
      "system" : "http://snomed.info/sct",
      "code" : "102539006",
      "display" : "Semi-erect body position"
    },
    {
      "system" : "http://snomed.info/sct",
      "code" : "102540008",
      "display" : "Headfirst position"
    },
    {
      "system" : "http://snomed.info/sct",
      "code" : "102541007",
      "display" : "Feet first position (finding)"
    },
    {
      "system" : "http://snomed.info/sct",
      "code" : "229983003",
      "display" : "Position of body part"
    },
    {
      "system" : "http://snomed.info/sct",
      "code" : "229984009",
      "display" : "Arm positions"
    },
    {
      "system" : "http://snomed.info/sct",
      "code" : "229986006",
      "display" : "Grasp arm position"
    },
    {
      "system" : "http://snomed.info/sct",
      "code" : "229987002",
      "display" : "Half grasp arm position"
    },
    {
      "system" : "http://snomed.info/sct",
      "code" : "229988007",
      "display" : "Wing arm position"
    },
    {
      "system" : "http://snomed.info/sct",
      "code" : "229989004",
      "display" : "Low wing arm position"
    },
    {
      "system" : "http://snomed.info/sct",
      "code" : "229990008",
      "display" : "Half wing arm position"
    },
    {
      "system" : "http://snomed.info/sct",
      "code" : "229991007",
      "display" : "Half low wing arm position"
    },
    {
      "system" : "http://snomed.info/sct",
      "code" : "229992000",
      "display" : "Bend arm position"
    },
    {
      "system" : "http://snomed.info/sct",
      "code" : "229993005",
      "display" : "Half bend arm position"
    },
    {
      "system" : "http://snomed.info/sct",
      "code" : "229994004",
      "display" : "Across bend arm position"
    },
    {
      "system" : "http://snomed.info/sct",
      "code" : "229995003",
      "display" : "Half across bend arm position"
    },
    {
      "system" : "http://snomed.info/sct",
      "code" : "229996002",
      "display" : "Under bend arm position"
    },
    {
      "system" : "http://snomed.info/sct",
      "code" : "229997006",
      "display" : "Half under bend arm position"
    },
    {
      "system" : "http://snomed.info/sct",
      "code" : "229998001",
      "display" : "Reach arm position"
    },
    {
      "system" : "http://snomed.info/sct",
      "code" : "229999009",
      "display" : "Half reach arm position"
    },
    {
      "system" : "http://snomed.info/sct",
      "code" : "230000003",
      "display" : "Arm support position"
    },
    {
      "system" : "http://snomed.info/sct",
      "code" : "230001004",
      "display" : "Yard arm position"
    },
    {
      "system" : "http://snomed.info/sct",
      "code" : "230002006",
      "display" : "Half yard arm position"
    },
    {
      "system" : "http://snomed.info/sct",
      "code" : "230003001",
      "display" : "Stretch arm position"
    },
    {
      "system" : "http://snomed.info/sct",
      "code" : "230004007",
      "display" : "Half stretch arm position"
    },
    {
      "system" : "http://snomed.info/sct",
      "code" : "230005008",
      "display" : "Ring arm position"
    },
    {
      "system" : "http://snomed.info/sct",
      "code" : "230006009",
      "display" : "Head rest arm position"
    },
    {
      "system" : "http://snomed.info/sct",
      "code" : "230007000",
      "display" : "Neck rest arm position"
    },
    {
      "system" : "http://snomed.info/sct",
      "code" : "230008005",
      "display" : "Trunk positions"
    },
    {
      "system" : "http://snomed.info/sct",
      "code" : "230009002",
      "display" : "Stoop trunk position"
    },
    {
      "system" : "http://snomed.info/sct",
      "code" : "230010007",
      "display" : "Relaxed stoop trunk position"
    },
    {
      "system" : "http://snomed.info/sct",
      "code" : "230011006",
      "display" : "Fallout trunk position"
    },
    {
      "system" : "http://snomed.info/sct",
      "code" : "230012004",
      "display" : "Arch trunk position"
    },
    {
      "system" : "http://snomed.info/sct",
      "code" : "230013009",
      "display" : "Lunge sideways trunk position"
    },
    {
      "system" : "http://snomed.info/sct",
      "code" : "230014003",
      "display" : "Side-flexed trunk position"
    },
    {
      "system" : "http://snomed.info/sct",
      "code" : "230015002",
      "display" : "Towards trunk position"
    },
    {
      "system" : "http://snomed.info/sct",
      "code" : "230016001",
      "display" : "Prone towards trunk position"
    },
    {
      "system" : "http://snomed.info/sct",
      "code" : "230017005",
      "display" : "Back towards trunk position"
    },
    {
      "system" : "http://snomed.info/sct",
      "code" : "230019008",
      "display" : "Lean trunk position"
    },
    {
      "system" : "http://snomed.info/sct",
      "code" : "230020002",
      "display" : "Sideways lean trunk position"
    },
    {
      "system" : "http://snomed.info/sct",
      "code" : "230021003",
      "display" : "Forward lean trunk position"
    },
    {
      "system" : "http://snomed.info/sct",
      "code" : "230022005",
      "display" : "Support forward lean trunk position"
    },
    {
      "system" : "http://snomed.info/sct",
      "code" : "230023000",
      "display" : "Neutral trunk position"
    },
    {
      "system" : "http://snomed.info/sct",
      "code" : "248572004",
      "display" : "Adopts particular posture for breathing"
    },
    {
      "system" : "http://snomed.info/sct",
      "code" : "249862003",
      "display" : "Sitting upright"
    },
    {
      "system" : "http://snomed.info/sct",
      "code" : "249863008",
      "display" : "Sitting supported"
    },
    {
      "system" : "http://snomed.info/sct",
      "code" : "260233009",
      "display" : "Combination of positions"
    },
    {
      "system" : "http://snomed.info/sct",
      "code" : "261977004",
      "display" : "Neck flexion"
    },
    {
      "system" : "http://snomed.info/sct",
      "code" : "262016004",
      "display" : "Open mouth"
    },
    {
      "system" : "http://snomed.info/sct",
      "code" : "262175005",
      "display" : "Standing/tilting"
    },
    {
      "system" : "http://snomed.info/sct",
      "code" : "262294007",
      "display" : "With cheek inflated"
    },
    {
      "system" : "http://snomed.info/sct",
      "code" : "262298005",
      "display" : "With film in buccal sulcus"
    },
    {
      "system" : "http://snomed.info/sct",
      "code" : "262299002",
      "display" : "With floor of mouth depressed"
    },
    {
      "system" : "http://snomed.info/sct",
      "code" : "262312009",
      "display" : "Without floor of mouth depressed"
    },
    {
      "system" : "http://snomed.info/sct",
      "code" : "271606005",
      "display" : "Sitting propped up"
    },
    {
      "system" : "http://snomed.info/sct",
      "code" : "272525001",
      "display" : "Patient positions"
    },
    {
      "system" : "http://snomed.info/sct",
      "code" : "272526000",
      "display" : "Close-standing"
    },
    {
      "system" : "http://snomed.info/sct",
      "code" : "272527009",
      "display" : "Toe-standing"
    },
    {
      "system" : "http://snomed.info/sct",
      "code" : "272528004",
      "display" : "Stride-standing"
    },
    {
      "system" : "http://snomed.info/sct",
      "code" : "272529007",
      "display" : "Walk-standing"
    },
    {
      "system" : "http://snomed.info/sct",
      "code" : "272530002",
      "display" : "Step-standing"
    },
    {
      "system" : "http://snomed.info/sct",
      "code" : "272531003",
      "display" : "Wide-standing"
    },
    {
      "system" : "http://snomed.info/sct",
      "code" : "272532005",
      "display" : "Cross-standing"
    },
    {
      "system" : "http://snomed.info/sct",
      "code" : "272533000",
      "display" : "Stride long-standing"
    },
    {
      "system" : "http://snomed.info/sct",
      "code" : "272534006",
      "display" : "Standing in water"
    },
    {
      "system" : "http://snomed.info/sct",
      "code" : "272535007",
      "display" : "Freestanding in water"
    },
    {
      "system" : "http://snomed.info/sct",
      "code" : "272536008",
      "display" : "Standing in water holding rail"
    },
    {
      "system" : "http://snomed.info/sct",
      "code" : "272537004",
      "display" : "Standing in water facing side"
    },
    {
      "system" : "http://snomed.info/sct",
      "code" : "272538009",
      "display" : "Standing in water side towards"
    },
    {
      "system" : "http://snomed.info/sct",
      "code" : "272539001",
      "display" : "Inclined standing in water towards rail"
    },
    {
      "system" : "http://snomed.info/sct",
      "code" : "272540004",
      "display" : "Inclined standing in water away from rail"
    },
    {
      "system" : "http://snomed.info/sct",
      "code" : "272541000",
      "display" : "Half-kneeling position"
    },
    {
      "system" : "http://snomed.info/sct",
      "code" : "272542007",
      "display" : "Sit-kneeling"
    },
    {
      "system" : "http://snomed.info/sct",
      "code" : "272543002",
      "display" : "Prone-kneeling"
    },
    {
      "system" : "http://snomed.info/sct",
      "code" : "272544008",
      "display" : "Inclined prone-kneeling"
    },
    {
      "system" : "http://snomed.info/sct",
      "code" : "272545009",
      "display" : "Two-point kneeling"
    },
    {
      "system" : "http://snomed.info/sct",
      "code" : "272547001",
      "display" : "Long-sitting"
    },
    {
      "system" : "http://snomed.info/sct",
      "code" : "272548006",
      "display" : "High-sitting"
    },
    {
      "system" : "http://snomed.info/sct",
      "code" : "272549003",
      "display" : "Side-sitting"
    },
    {
      "system" : "http://snomed.info/sct",
      "code" : "272550003",
      "display" : "Ride-sitting"
    },
    {
      "system" : "http://snomed.info/sct",
      "code" : "272551004",
      "display" : "Crook-sitting"
    },
    {
      "system" : "http://snomed.info/sct",
      "code" : "272552006",
      "display" : "Stride long-sitting"
    },
    {
      "system" : "http://snomed.info/sct",
      "code" : "272553001",
      "display" : "Wide stride long-sitting"
    },
    {
      "system" : "http://snomed.info/sct",
      "code" : "272554007",
      "display" : "Perch-sitting"
    },
    {
      "system" : "http://snomed.info/sct",
      "code" : "272555008",
      "display" : "Sitting astride a horse"
    },
    {
      "system" : "http://snomed.info/sct",
      "code" : "272556009",
      "display" : "Sitting sideways on a horse"
    },
    {
      "system" : "http://snomed.info/sct",
      "code" : "272557000",
      "display" : "Sitting on a stool in water"
    },
    {
      "system" : "http://snomed.info/sct",
      "code" : "272559002",
      "display" : "Supine and quarter turn to right - foot bed raised 14 inches"
    },
    {
      "system" : "http://snomed.info/sct",
      "code" : "272560007",
      "display" : "Supine and quarter turn to left - bed tipped 14 inches"
    },
    {
      "system" : "http://snomed.info/sct",
      "code" : "272561006",
      "display" : "Supine - foot bed raised 18 inches"
    },
    {
      "system" : "http://snomed.info/sct",
      "code" : "272562004",
      "display" : "Prone with pillow under hips"
    },
    {
      "system" : "http://snomed.info/sct",
      "code" : "272563009",
      "display" : "Prone with pillow under hips - foot bed raised 18 inches"
    },
    {
      "system" : "http://snomed.info/sct",
      "code" : "272564003",
      "display" : "Prone on a horse"
    },
    {
      "system" : "http://snomed.info/sct",
      "code" : "272565002",
      "display" : "Crook-lying"
    },
    {
      "system" : "http://snomed.info/sct",
      "code" : "272566001",
      "display" : "Crook side-lying"
    },
    {
      "system" : "http://snomed.info/sct",
      "code" : "272567005",
      "display" : "Half-crook side-lying"
    },
    {
      "system" : "http://snomed.info/sct",
      "code" : "272568000",
      "display" : "Bridging position"
    },
    {
      "system" : "http://snomed.info/sct",
      "code" : "272569008",
      "display" : "Lateral position with broken table"
    },
    {
      "system" : "http://snomed.info/sct",
      "code" : "272570009",
      "display" : "Right side-lying with 45 degree turn onto face and pillows under shoulders"
    },
    {
      "system" : "http://snomed.info/sct",
      "code" : "272571008",
      "display" : "Left side-lying with 45 degree turn onto face"
    },
    {
      "system" : "http://snomed.info/sct",
      "code" : "272572001",
      "display" : "Side-lying - foot bed raised 18 inches"
    },
    {
      "system" : "http://snomed.info/sct",
      "code" : "272573006",
      "display" : "Thoracotomy position"
    },
    {
      "system" : "http://snomed.info/sct",
      "code" : "272574000",
      "display" : "Supine-lying in water"
    },
    {
      "system" : "http://snomed.info/sct",
      "code" : "272575004",
      "display" : "Supine float-lying"
    },
    {
      "system" : "http://snomed.info/sct",
      "code" : "272576003",
      "display" : "Prone-lying in water"
    },
    {
      "system" : "http://snomed.info/sct",
      "code" : "272577007",
      "display" : "Prone float-lying"
    },
    {
      "system" : "http://snomed.info/sct",
      "code" : "272578002",
      "display" : "Side-lying in water"
    },
    {
      "system" : "http://snomed.info/sct",
      "code" : "272579005",
      "display" : "Side float-lying"
    },
    {
      "system" : "http://snomed.info/sct",
      "code" : "272580008",
      "display" : "Semi-recumbent position"
    },
    {
      "system" : "http://snomed.info/sct",
      "code" : "272581007",
      "display" : "Hanging position"
    },
    {
      "system" : "http://snomed.info/sct",
      "code" : "272582000",
      "display" : "Prone hanging"
    },
    {
      "system" : "http://snomed.info/sct",
      "code" : "272583005",
      "display" : "Child on lap"
    },
    {
      "system" : "http://snomed.info/sct",
      "code" : "272584004",
      "display" : "Patient position for tracheal intubation"
    },
    {
      "system" : "http://snomed.info/sct",
      "code" : "272585003",
      "display" : "Patient position with extension of head"
    },
    {
      "system" : "http://snomed.info/sct",
      "code" : "272586002",
      "display" : "Patient position with flexion of neck"
    },
    {
      "system" : "http://snomed.info/sct",
      "code" : "272587006",
      "display" : "Position with tilt"
    },
    {
      "system" : "http://snomed.info/sct",
      "code" : "272589009",
      "display" : "Position in water"
    },
    {
      "system" : "http://snomed.info/sct",
      "code" : "272590000",
      "display" : "Lying in water"
    },
    {
      "system" : "http://snomed.info/sct",
      "code" : "272591001",
      "display" : "Vertical float support"
    },
    {
      "system" : "http://snomed.info/sct",
      "code" : "272592008",
      "display" : "Squatting in water"
    },
    {
      "system" : "http://snomed.info/sct",
      "code" : "272593003",
      "display" : "Position on a horse"
    },
    {
      "system" : "http://snomed.info/sct",
      "code" : "272594009",
      "display" : "Facing forwards on a horse"
    },
    {
      "system" : "http://snomed.info/sct",
      "code" : "272595005",
      "display" : "Lying sideways on a horse"
    },
    {
      "system" : "http://snomed.info/sct",
      "code" : "277773003",
      "display" : "Kneeling position"
    },
    {
      "system" : "http://snomed.info/sct",
      "code" : "286866000",
      "display" : "Mouth closed"
    },
    {
      "system" : "http://snomed.info/sct",
      "code" : "301057000",
      "display" : "Position of child in relation to adult"
    },
    {
      "system" : "http://snomed.info/sct",
      "code" : "301058005",
      "display" : "Mouth positions"
    },
    {
      "system" : "http://snomed.info/sct",
      "code" : "301059002",
      "display" : "Neck positions"
    },
    {
      "system" : "http://snomed.info/sct",
      "code" : "304631003",
      "display" : "Head positions"
    },
    {
      "system" : "http://snomed.info/sct",
      "code" : "304632005",
      "display" : "Head positioned in three-pin clamp"
    },
    {
      "system" : "http://snomed.info/sct",
      "code" : "304633000",
      "display" : "Head positioned on ring"
    },
    {
      "system" : "http://snomed.info/sct",
      "code" : "304634006",
      "display" : "Arm positioned out on arm board"
    },
    {
      "system" : "http://snomed.info/sct",
      "code" : "312995000",
      "display" : "Prone on a Relton Hall frame"
    },
    {
      "system" : "http://snomed.info/sct",
      "code" : "367397007",
      "display" : "Park bench position"
    },
    {
      "system" : "http://snomed.info/sct",
      "code" : "397779007",
      "display" : "Patient position for regional block (finding)"
    },
    {
      "system" : "http://snomed.info/sct",
      "code" : "397837008",
      "display" : "Child held on parent's lap (finding)"
    },
    {
      "system" : "http://snomed.info/sct",
      "code" : "397888006",
      "display" : "Patient in supine position with hip support (finding)"
    },
    {
      "system" : "http://snomed.info/sct",
      "code" : "397902006",
      "display" : "Sniffing position (finding)"
    },
    {
      "system" : "http://snomed.info/sct",
      "code" : "397941008",
      "display" : "Child held on assistant's lap (finding)"
    },
    {
      "system" : "http://snomed.info/sct",
      "code" : "398043006",
      "display" : "Patient in head down position (finding)"
    },
    {
      "system" : "http://snomed.info/sct",
      "code" : "398065006",
      "display" : "Patient in head up position (finding)"
    },
    {
      "system" : "http://snomed.info/sct",
      "code" : "398131008",
      "display" : "Patient in lateral position for intubation (finding)"
    },
    {
      "system" : "http://snomed.info/sct",
      "code" : "398285003",
      "display" : "Patient in semi-recumbent position (finding)"
    },
    {
      "system" : "http://snomed.info/sct",
      "code" : "399220000",
      "display" : "Transverse body position (finding)"
    },
    {
      "system" : "http://snomed.info/sct",
      "code" : "399366008",
      "display" : "Oblique body position (finding)"
    },
    {
      "system" : "http://snomed.info/sct",
      "code" : "404926001",
      "display" : "Unsupported sitting position (finding)"
    },
    {
      "system" : "http://snomed.info/sct",
      "code" : "404927005",
      "display" : "Unsupported standing position (finding)"
    },
    {
      "system" : "http://snomed.info/sct",
      "code" : "408797004",
      "display" : "Squatting body position (finding)"
    },
    {
      "system" : "http://snomed.info/sct",
      "code" : "414585002",
      "display" : "Left lateral tilt (finding)"
    },
    {
      "system" : "http://snomed.info/sct",
      "code" : "415346000",
      "display" : "Right lateral tilt (finding)"
    },
    {
      "system" : "http://snomed.info/sct",
      "code" : "416971003",
      "display" : "Modified lithotomy position - Lloyd Davis (finding)"
    },
    {
      "system" : "http://snomed.info/sct",
      "code" : "426408003",
      "display" : "Semi-Fowler's position (finding)"
    },
    {
      "system" : "http://snomed.info/sct",
      "code" : "429628009",
      "display" : "In modified Fowler's position (finding)"
    },
    {
      "system" : "http://snomed.info/sct",
      "code" : "432494002",
      "display" : "Head positioned in surgical clamp (finding)"
    },
    {
      "system" : "http://snomed.info/sct",
      "code" : "432781003",
      "display" : "Beach chair position (finding)"
    },
    {
      "system" : "http://snomed.info/sct",
      "code" : "433336009",
      "display" : "Head positioned in four-pin clamp (finding)"
    },
    {
      "system" : "http://snomed.info/sct",
      "code" : "447756006",
      "display" : "Jackknife surgical position (finding)"
    },
    {
      "system" : "http://snomed.info/sct",
      "code" : "698038009",
      "display" : "Frankfurt horizontal head position (finding)"
    },
    {
      "system" : "http://snomed.info/sct",
      "code" : "698046005",
      "display" : "Natural head position (finding)"
    },
    {
      "system" : "http://snomed.info/sct",
      "code" : "722479000",
      "display" : "Neutral neck position (finding)"
    },
    {
      "system" : "http://snomed.info/sct",
      "code" : "733507000",
      "display" : "Arm positioned across torso"
    },
    {
      "system" : "http://snomed.info/sct",
      "code" : "733508005",
      "display" : "Arm positioned at side"
    },
    {
      "system" : "http://snomed.info/sct",
      "code" : "733510007",
      "display" : "Extension of neck (finding)"
    },
    {
      "system" : "http://snomed.info/sct",
      "code" : "733511006",
      "display" : "Neck rotation (finding)"
    },
    {
      "system" : "http://snomed.info/sct",
      "code" : "733512004",
      "display" : "Neck rotated to right (finding)"
    },
    {
      "system" : "http://snomed.info/sct",
      "code" : "733513009",
      "display" : "Neck rotated to left (finding)"
    },
    {
      "system" : "http://snomed.info/sct",
      "code" : "48521000119102",
      "display" : "Abnormal position of head (finding)"
    }]
  }
}