{
  "resourceType" : "ValueSet",
  "id" : "3902ba32-390f-4d5b-85a7-837fda42948d-246",
  "url" : "http://hl7.org/fhir/comparison/ValueSet/3902ba32-390f-4d5b-85a7-837fda42948d-246",
  "name" : "IntersectionQICorePriorityAndQICorePriority",
  "title" : "Intersection of SNOMED CT Priorities Codes And SNOMED CT Priorities Codes",
  "status" : "draft",
  "date" : "2022-01-18T15:27:07+00:00",
  "jurisdiction" : [{
    "coding" : [{
      "system" : "urn:iso:std:iso:3166",
      "code" : "US"
    }]
  }],
  "compose" : {
    "include" : [{
      "filter" : [{
        "property" : "concept",
        "op" : "is-a",
        "value" : "272125009"
      }]
    }]
  },
  "expansion" : {
    "contains" : [{
      "system" : "http://snomed.info/sct",
      "code" : "272125009",
      "display" : "Priorities"
    },
    {
      "system" : "http://snomed.info/sct",
      "code" : "21282002",
      "display" : "Repeat emergency"
    },
    {
      "system" : "http://snomed.info/sct",
      "code" : "25876001",
      "display" : "Emergency"
    },
    {
      "system" : "http://snomed.info/sct",
      "code" : "44408006",
      "display" : "Reclassified and rescheduled"
    },
    {
      "system" : "http://snomed.info/sct",
      "code" : "49499008",
      "display" : "Stat"
    },
    {
      "system" : "http://snomed.info/sct",
      "code" : "50811001",
      "display" : "Routine"
    },
    {
      "system" : "http://snomed.info/sct",
      "code" : "58334001",
      "display" : "Rescheduled"
    },
    {
      "system" : "http://snomed.info/sct",
      "code" : "64695001",
      "display" : "Repeat elective"
    },
    {
      "system" : "http://snomed.info/sct",
      "code" : "76561005",
      "display" : "Reclassified"
    },
    {
      "system" : "http://snomed.info/sct",
      "code" : "88694003",
      "display" : "Immediate"
    },
    {
      "system" : "http://snomed.info/sct",
      "code" : "103390000",
      "display" : "Elective"
    },
    {
      "system" : "http://snomed.info/sct",
      "code" : "103391001",
      "display" : "Urgency"
    },
    {
      "system" : "http://snomed.info/sct",
      "code" : "394848005",
      "display" : "Normal priority (qualifier value)"
    },
    {
      "system" : "http://snomed.info/sct",
      "code" : "394849002",
      "display" : "High priority (qualifier value)"
    },
    {
      "system" : "http://snomed.info/sct",
      "code" : "416774000",
      "display" : "Scheduled - priority (qualifier value)"
    },
    {
      "system" : "http://snomed.info/sct",
      "code" : "441808003",
      "display" : "Delayed priority"
    },
    {
      "system" : "http://snomed.info/sct",
      "code" : "709122007",
      "display" : "As soon as possible"
    },
    {
      "system" : "http://snomed.info/sct",
      "code" : "2341000175109",
      "display" : "Unscheduled (qualifier value)"
    }]
  }
}